crash_record_id,record_id,record_type,notes
0085d7d99633a88eb9311999bf918e20fb755e070afc6c9d86880035e1bbca3742c9c0b77ccc2611d971b4083b9e618b62abe6d92d52493f8cb5e1fd7103e659,0085d7d99633a88eb9311999bf918e20fb755e070afc6c9d86880035e1bbca3742c9c0b77ccc2611d971b4083b9e618b62abe6d92d52493f8cb5e1fd7103e659,crash,crash_type=ANIMAL
023f7de8d0f7e90dc072b7b88b62502f306469597481dabc2469aecc67a1026d485ba885476a3ea258a0df3cf6543b77b69cdbfabca44ab64b0fc64c00c808ef,O754015,person,
023f7de8d0f7e90dc072b7b88b62502f306469597481dabc2469aecc67a1026d485ba885476a3ea258a0df3cf6543b77b69cdbfabca44ab64b0fc64c00c808ef,O754016,person,
023f7de8d0f7e90dc072b7b88b62502f306469597481dabc2469aecc67a1026d485ba885476a3ea258a0df3cf6543b77b69cdbfabca44ab64b0fc64c00c808ef,O754018,person,
023f7de8d0f7e90dc072b7b88b62502f306469597481dabc2469aecc67a1026d485ba885476a3ea258a0df3cf6543b77b69cdbfabca44ab64b0fc64c00c808ef,P172686,person,
023f7de8d0f7e90dc072b7b88b62502f306469597481dabc2469aecc67a1026d485ba885476a3ea258a0df3cf6543b77b69cdbfabca44ab64b0fc64c00c808ef,P172688,person,
023f7de8d0f7e90dc072b7b88b62502f306469597481dabc2469aecc67a1026d485ba885476a3ea258a0df3cf6543b77b69cdbfabca44ab64b0fc64c00c808ef,P172689,person,
023f7de8d0f7e90dc072b7b88b62502f306469597481dabc2469aecc67a1026d485ba885476a3ea258a0df3cf6543b77b69cdbfabca44ab64b0fc64c00c808ef,P172690,person,
023f7de8d0f7e90dc072b7b88b62502f306469597481dabc2469aecc67a1026d485ba885476a3ea258a0df3cf6543b77b69cdbfabca44ab64b0fc64c00c808ef,P172691,person,
023f7de8d0f7e90dc072b7b88b62502f306469597481dabc2469aecc67a1026d485ba885476a3ea258a0df3cf6543b77b69cdbfabca44ab64b0fc64c00c808ef,716258,vehicle,
023f7de8d0f7e90dc072b7b88b62502f306469597481dabc2469aecc67a1026d485ba885476a3ea258a0df3cf6543b77b69cdbfabca44ab64b0fc64c00c808ef,716261,vehicle,
023f7de8d0f7e90dc072b7b88b62502f306469597481dabc2469aecc67a1026d485ba885476a3ea258a0df3cf6543b77b69cdbfabca44ab64b0fc64c00c808ef,716264,vehicle,
023f7de8d0f7e90dc072b7b88b62502f306469597481dabc2469aecc67a1026d485ba885476a3ea258a0df3cf6543b77b69cdbfabca44ab64b0fc64c00c808ef,716265,vehicle,
023f7de8d0f7e90dc072b7b88b62502f306469597481dabc2469aecc67a1026d485ba885476a3ea258a0df3cf6543b77b69cdbfabca44ab64b0fc64c00c808ef,716268,vehicle,
023f7de8d0f7e90dc072b7b88b62502f306469597481dabc2469aecc67a1026d485ba885476a3ea258a0df3cf6543b77b69cdbfabca44ab64b0fc64c00c808ef,716271,vehicle,
0635ed2ce651b1cfcd489a6a25b422120cea73f826711755d135bd6173f6b33c87bfffce05f35801a10640465c82f67b53ed52ac3b3e584ad1e6ebd0902f3451,O596096,person,
0635ed2ce651b1cfcd489a6a25b422120cea73f826711755d135bd6173f6b33c87bfffce05f35801a10640465c82f67b53ed52ac3b3e584ad1e6ebd0902f3451,568215,vehicle,
0b40ee5652d6efefed27b1af3eee96c126cda22d87e76c8bb8b96ef17fef64a40671c46b184faa4005c2b0abfb38b294208b19b8f0cdfcbc840f175bf09e2653,0b40ee5652d6efefed27b1af3eee96c126cda22d87e76c8bb8b96ef17fef64a40671c46b184faa4005c2b0abfb38b294208b19b8f0cdfcbc840f175bf09e2653,crash,"appears to be a shooting in a car
https://www.fox32chicago.com/news/1-killed-4-wounded-thursday-in-chicago-shootings-1
The 39-year-old was discovered unresponsive in a vehicle about 7 p.m. in the 8500 block of South Parnell Avenue with a gunshot wound to the chest, Chicago police said. He was taken to the University of Chicago Medical Center, where he was pronounced dead.
2020-02-06 19:05
8500 S PARNELL AVE auburn gresham
1 fatalities, 0 injured
OTHER: PHYSICAL CONDITION OF DRIVER"
0b80d0a0b3e089d5a57c0ad0a4aecb749e173a3fd456861572ea5fa3c3054e627ee785bf94317617e60b41d4ecea3071c872e66db896b1d74f5dc18a535c6136,0b80d0a0b3e089d5a57c0ad0a4aecb749e173a3fd456861572ea5fa3c3054e627ee785bf94317617e60b41d4ecea3071c872e66db896b1d74f5dc18a535c6136,crash,crash_type=ANIMAL
141c56e51488c9e51ea6ee9254c2e49227d869c7c384f19330e86635d66439606cb8d55367b97043b8b3b0a86b9632c6d1bb3fab3fe9aaffc568c09dc977b3a6,141c56e51488c9e51ea6ee9254c2e49227d869c7c384f19330e86635d66439606cb8d55367b97043b8b3b0a86b9632c6d1bb3fab3fe9aaffc568c09dc977b3a6,crash,"appears to be drive by shooting
https://chicago.suntimes.com/2018/1/22/18393360/man-shot-to-death-while-driving-in-west-pullman
A 41-year-old man was shot to death early Sunday while driving in the West Pullman neighborhood on the Far South Side.
He was shot multiple times in the body about 2:20 a.m. while driving in the 12900 block of South Halsted, according to Chicago Police.

  2018-01-21 02:24
  12932 S HALSTED ST west pullman
  1 fatalities, 0 injured
  OTHER: PHYSICAL CONDITION OF DRIVER"
18dad1010ab6b3e6017faf1ac711d98bde8c699c4a2d821ec16d331a53b75a1a0bd0f57b37f630cb5633cc04dc28f448ff0673610add4c068fcdf52ad0271666,O724829,person,
18dad1010ab6b3e6017faf1ac711d98bde8c699c4a2d821ec16d331a53b75a1a0bd0f57b37f630cb5633cc04dc28f448ff0673610add4c068fcdf52ad0271666,O724830,person,
18dad1010ab6b3e6017faf1ac711d98bde8c699c4a2d821ec16d331a53b75a1a0bd0f57b37f630cb5633cc04dc28f448ff0673610add4c068fcdf52ad0271666,P165876,person,
18dad1010ab6b3e6017faf1ac711d98bde8c699c4a2d821ec16d331a53b75a1a0bd0f57b37f630cb5633cc04dc28f448ff0673610add4c068fcdf52ad0271666,689030,vehicle,
18dad1010ab6b3e6017faf1ac711d98bde8c699c4a2d821ec16d331a53b75a1a0bd0f57b37f630cb5633cc04dc28f448ff0673610add4c068fcdf52ad0271666,689040,vehicle,
1e773fa3f69c5c0cb18c2835a57f1dd31622132512938b57f08ddf402fc1a9296983b8b3a44d5b0a050908f867ad8b998948cb77c1c0ed406a81f9350e26e495,1e773fa3f69c5c0cb18c2835a57f1dd31622132512938b57f08ddf402fc1a9296983b8b3a44d5b0a050908f867ad8b998948cb77c1c0ed406a81f9350e26e495,crash,crash_type=ANIMAL
2332d6317e7d59ccc083750c09f9a07b235e90ff3911308acdbaeec58c1f483d40fe34d0b921b1d67f84437791996e362658ae541976521cb6d3cbdded971d80,2332d6317e7d59ccc083750c09f9a07b235e90ff3911308acdbaeec58c1f483d40fe34d0b921b1d67f84437791996e362658ae541976521cb6d3cbdded971d80,crash,"appears to be a shooting
2020-05-31 20:00
936 E 93RD ST burnside
1 fatalities, 0 injured
OTHER: PHYSICAL CONDITION OF DRIVER
autosearch 2026-09-19: shooting-caused crash, homicide. Victim ID: Lenell Deandre McClain, 26 (record has unknown age/sex); shot by occupant of a dark Grand Prix, crashed in same block. No arrests. suntimes ~145 words.

- url: https://chicago.suntimes.com/crime/2020/5/31/21276573/man-fatally-shot-head-driving-burnside-93rd-gun-violence-lenell-deandre-mcclain
  title: Man fatally shot in head while driving in Burnside
  site: chicago.suntimes.com
  date: '2020-06-01T04:19:30Z'
  description: He was hit several times in the head and crashed his vehicle moments later on East 93rd Street."
2569f0624a72d20f09bc6d0fc4d7ab2493a83411111b14b2e4b6dc8ce73732a0bd511eaaf8d2ca25cc512cd69e965f958fabaad1c3477f4ed90ce1d6160e4534,O888792,person,https://www.cbsnews.com/chicago/news/search-on-for-driver-who-hit-killed-woman-on-near-west-side/
2569f0624a72d20f09bc6d0fc4d7ab2493a83411111b14b2e4b6dc8ce73732a0bd511eaaf8d2ca25cc512cd69e965f958fabaad1c3477f4ed90ce1d6160e4534,O888793,person,https://www.cbsnews.com/chicago/news/search-on-for-driver-who-hit-killed-woman-on-near-west-side/
2569f0624a72d20f09bc6d0fc4d7ab2493a83411111b14b2e4b6dc8ce73732a0bd511eaaf8d2ca25cc512cd69e965f958fabaad1c3477f4ed90ce1d6160e4534,P202999,person,https://www.cbsnews.com/chicago/news/search-on-for-driver-who-hit-killed-woman-on-near-west-side/
2569f0624a72d20f09bc6d0fc4d7ab2493a83411111b14b2e4b6dc8ce73732a0bd511eaaf8d2ca25cc512cd69e965f958fabaad1c3477f4ed90ce1d6160e4534,P203003,person,https://www.cbsnews.com/chicago/news/search-on-for-driver-who-hit-killed-woman-on-near-west-side/
2569f0624a72d20f09bc6d0fc4d7ab2493a83411111b14b2e4b6dc8ce73732a0bd511eaaf8d2ca25cc512cd69e965f958fabaad1c3477f4ed90ce1d6160e4534,P203004,person,https://www.cbsnews.com/chicago/news/search-on-for-driver-who-hit-killed-woman-on-near-west-side/
2569f0624a72d20f09bc6d0fc4d7ab2493a83411111b14b2e4b6dc8ce73732a0bd511eaaf8d2ca25cc512cd69e965f958fabaad1c3477f4ed90ce1d6160e4534,P203005,person,https://www.cbsnews.com/chicago/news/search-on-for-driver-who-hit-killed-woman-on-near-west-side/
2569f0624a72d20f09bc6d0fc4d7ab2493a83411111b14b2e4b6dc8ce73732a0bd511eaaf8d2ca25cc512cd69e965f958fabaad1c3477f4ed90ce1d6160e4534,843124,vehicle,https://www.cbsnews.com/chicago/news/search-on-for-driver-who-hit-killed-woman-on-near-west-side/
2bda839d8f659fa3f2760ce4d7ba3405ef9c482a00805f3227fe9c86394315186be6526fe16e0614ec24355e298977e01ba91a7a191950c92bc13a0fb0dc640b,2bda839d8f659fa3f2760ce4d7ba3405ef9c482a00805f3227fe9c86394315186be6526fe16e0614ec24355e298977e01ba91a7a191950c92bc13a0fb0dc640b,crash,crash_type=ANIMAL
2c1d1a6e58a5886562a9d62c38d764d4884b62ac6f38ec51646493f93f40b1af90d79999fe9c121aff6863eb65eb26d6d4032a235111d91c8d680a87557cba0c,2c1d1a6e58a5886562a9d62c38d764d4884b62ac6f38ec51646493f93f40b1af90d79999fe9c121aff6863eb65eb26d6d4032a235111d91c8d680a87557cba0c,crash,crash_type=ANIMAL
2fc489b3fc38cb17be4ad03d994fd6c41446c35a9d056fa7dcc09295f852b083bd801194adf658f865ee50106894a7d8357fdfa18e30185c76e5c503721533e1,2fc489b3fc38cb17be4ad03d994fd6c41446c35a9d056fa7dcc09295f852b083bd801194adf658f865ee50106894a7d8357fdfa18e30185c76e5c503721533e1,crash,"appears to involve a shooting
https://chicago.suntimes.com/2018/4/25/18329986/2-men-shot-to-death-in-west-woodlawn
Ronald E. Robinson, 36, and Jordasch W. Robinson, 27, were sitting in a vehicle about 2:50 a.m. in the 6600 block of South Evans when someone walked up and opened fire, according to Chicago Police and the Cook County Medical Examiner’s Office."
3191fff8377eb85ea28ff21ea2c75a784af8f7d751c80e92c528c268f1040d9c6b946088c679842b734d63c063cbfc881ea6025301f9f42e488bcbbe12fb260b,3191fff8377eb85ea28ff21ea2c75a784af8f7d751c80e92c528c268f1040d9c6b946088c679842b734d63c063cbfc881ea6025301f9f42e488bcbbe12fb260b,crash,crash_type=ANIMAL
35c39d44e13bd0c094203d4c803c109eaa04ae1b79d5f8cd70293223c45e47ba43f12ac555e7e1cd39e429eea2cfff0128e1e4e0320453ffd913b320cc0f537c,35c39d44e13bd0c094203d4c803c109eaa04ae1b79d5f8cd70293223c45e47ba43f12ac555e7e1cd39e429eea2cfff0128e1e4e0320453ffd913b320cc0f537c,crash,crash_type=ANIMAL
3a04d10ad44658cd0fa3221d1a5978e91ebe958790b999a01f15f2c091ff34e9978dc1423b0b730b4c1228549da437b5a18be152d7bda6fe285754a8306b3f05,3a04d10ad44658cd0fa3221d1a5978e91ebe958790b999a01f15f2c091ff34e9978dc1423b0b730b4c1228549da437b5a18be152d7bda6fe285754a8306b3f05,crash,crash_type=ANIMAL
3ae8ebc4e410c124894896ed1ed051e16270002a0e07e4c21d2bc9df291cb614a00f99c96f194f4a0952e64856bc7e2759742785af24136e7aea73cf39da0036,3ae8ebc4e410c124894896ed1ed051e16270002a0e07e4c21d2bc9df291cb614a00f99c96f194f4a0952e64856bc7e2759742785af24136e7aea73cf39da0036,crash,"appears to involve a shooting
https://www.cbsnews.com/chicago/news/new-years-weekend-shootings/
Overnight Monday, another man was shot dead about 2:20 a.m. in the Avondale neighborhood on the Northwest Side, marking the first reported homicide in Chicago in 2018. About 2:20 a.m., 51-year-old Janusz C. Kolodziejczyk was driving a Toyota Camry south on Pulaski when it crashed into a fence in the 3900 block of West Cornelia, according to police and the medical examiner's office. Kolodziejczyk had suffered a gunshot wound to his back and was pronounced dead at the scene. He lived in the Schorsch Village neighborhood on the Northwest Side."
3c33ea1166d5cc4a44466df97b816ab8bda3d7559dfba90d0eec270613dbad17efdf03cbaaa228fe4d77ab53a613d78a965b95030f5fc5f9f8fde500080695ae,O781460,person,this was caught in the incap-tally-2x-injuries-incapacitating.sql query
3c33ea1166d5cc4a44466df97b816ab8bda3d7559dfba90d0eec270613dbad17efdf03cbaaa228fe4d77ab53a613d78a965b95030f5fc5f9f8fde500080695ae,O781461,person,this was caught in the incap-tally-2x-injuries-incapacitating.sql query
3c33ea1166d5cc4a44466df97b816ab8bda3d7559dfba90d0eec270613dbad17efdf03cbaaa228fe4d77ab53a613d78a965b95030f5fc5f9f8fde500080695ae,P178873,person,this was caught in the incap-tally-2x-injuries-incapacitating.sql query
3c33ea1166d5cc4a44466df97b816ab8bda3d7559dfba90d0eec270613dbad17efdf03cbaaa228fe4d77ab53a613d78a965b95030f5fc5f9f8fde500080695ae,781460,vehicle,this was caught in the incap-tally-2x-injuries-incapacitating.sql query
3c33ea1166d5cc4a44466df97b816ab8bda3d7559dfba90d0eec270613dbad17efdf03cbaaa228fe4d77ab53a613d78a965b95030f5fc5f9f8fde500080695ae,781461,vehicle,this was caught in the incap-tally-2x-injuries-incapacitating.sql query
3f5a964559983bbf450fd0d0eaa2685788f8aacb72ce65a964519e410fa10865ace374607486d88c25017826df3cebbad640c5340905f36bba68e3a31efad78d,3f5a964559983bbf450fd0d0eaa2685788f8aacb72ce65a964519e410fa10865ace374607486d88c25017826df3cebbad640c5340905f36bba68e3a31efad78d,crash,crash_type=ANIMAL
407c52a5d3b4f7215b3f2c2e43be799e102f64c62a7121f0986adee3ca2c863978ae390bb3796fe56a05c0c8b9a053a1408bd374a18780dc1c26a4c230b16745,407c52a5d3b4f7215b3f2c2e43be799e102f64c62a7121f0986adee3ca2c863978ae390bb3796fe56a05c0c8b9a053a1408bd374a18780dc1c26a4c230b16745,crash,crash_type=ANIMAL
478f0fe752a668fb2895f0e96eef317209789ebddc5656c7b74ec74e0d71c5535ba100b297a8db5e33eba7f5090425845d7dd92765e061d4912b7142d869697f,O874246,person,
478f0fe752a668fb2895f0e96eef317209789ebddc5656c7b74ec74e0d71c5535ba100b297a8db5e33eba7f5090425845d7dd92765e061d4912b7142d869697f,868213,vehicle,
47cfe6d1091e826051d7a82680cdc099aa5bcf2c245f84b10752bfab5d3bef351897fd6b88788e7d18e5b53ed33745c15dd954102434f0a197b2db858855a20f,47cfe6d1091e826051d7a82680cdc099aa5bcf2c245f84b10752bfab5d3bef351897fd6b88788e7d18e5b53ed33745c15dd954102434f0a197b2db858855a20f,crash,crash_type=ANIMAL
493415b03013815bbffc7c1bbe0a99af8c58c2ec81cebfb9d22702c7ca83abcde22787a61bfd8fc4e0eedd4bc18afde1a08c768328038b379839e9dc0ad9edb8,O888298,person,likely pedestrian and all motorists duped
493415b03013815bbffc7c1bbe0a99af8c58c2ec81cebfb9d22702c7ca83abcde22787a61bfd8fc4e0eedd4bc18afde1a08c768328038b379839e9dc0ad9edb8,O888299,person,likely pedestrian and all motorists duped
493415b03013815bbffc7c1bbe0a99af8c58c2ec81cebfb9d22702c7ca83abcde22787a61bfd8fc4e0eedd4bc18afde1a08c768328038b379839e9dc0ad9edb8,P202882,person,likely pedestrian and all motorists duped
493415b03013815bbffc7c1bbe0a99af8c58c2ec81cebfb9d22702c7ca83abcde22787a61bfd8fc4e0eedd4bc18afde1a08c768328038b379839e9dc0ad9edb8,842655,vehicle,likely pedestrian and all motorists duped
66a8e07102d210ff9491bd9f56e26b920cacc5e01b234974dec783e3722db0420840f3a3db5a2c8825b1cf5ba73312b713d95af8805a3716e37b1f1a00392fdd,66a8e07102d210ff9491bd9f56e26b920cacc5e01b234974dec783e3722db0420840f3a3db5a2c8825b1cf5ba73312b713d95af8805a3716e37b1f1a00392fdd,crash,crash_type=ANIMAL
69618bea78c1793bf238fec00dc110e4146e69a7f738df31770c952e3ad6099081d5a6c090527dfa19e323552c478732b94f7e88fe3925abb2d0751f37fa441f,69618bea78c1793bf238fec00dc110e4146e69a7f738df31770c952e3ad6099081d5a6c090527dfa19e323552c478732b94f7e88fe3925abb2d0751f37fa441f,crash,crash_type=ANIMAL
6c86ffbce62415d70aa0445aafc50eb105f5bf9dee05fd8b05ddbfc2db442418451ef7e00a843fd8aaf7de201559e124063fb81ab9b41f14b3905eb9a7846d39,6c86ffbce62415d70aa0445aafc50eb105f5bf9dee05fd8b05ddbfc2db442418451ef7e00a843fd8aaf7de201559e124063fb81ab9b41f14b3905eb9a7846d39,crash,crash_type=ANIMAL
6cd7273488efca42c3609dd0ba344ed1bb7f282f930c3055b82abc4551a2fccb38799a29e6ee493761645b0050492935e63d4ba5988852e7ad667081e98f2cd4,6cd7273488efca42c3609dd0ba344ed1bb7f282f930c3055b82abc4551a2fccb38799a29e6ee493761645b0050492935e63d4ba5988852e7ad667081e98f2cd4,crash,crash_type=ANIMAL
71248e69f179c3850c7b7a04bc6f0feca69dae5c15b8251ab4e9e111a9eeb5997e678c15ea2ddee587196e31dbafe2c5d442e4e7a91103f8f6b851d328d1200a,O511070,person,likely (fatal) pedestrian duplicated; vehicles are fine
7a3ae5c06a70aff149c926ee4aa07b83bd4a5b384ed1d2a29965ba469d5651262c7413991423c6363c19be9cf7cbbfe941f9e19cfeefefb237b42ad88f62d0b7,O870676,person,driver dupe
7a3ae5c06a70aff149c926ee4aa07b83bd4a5b384ed1d2a29965ba469d5651262c7413991423c6363c19be9cf7cbbfe941f9e19cfeefefb237b42ad88f62d0b7,826028,vehicle,driver dupe
8599c4135ba8d6dd5d8c916569ef521abc72122410c8b277464e8a0b025c8bdb7b885cbf02b1502a05214d6c0b8e9c5b50e98171f26f983a07091ab42774864e,8599c4135ba8d6dd5d8c916569ef521abc72122410c8b277464e8a0b025c8bdb7b885cbf02b1502a05214d6c0b8e9c5b50e98171f26f983a07091ab42774864e,crash,crash_type=ANIMAL
883baed715e2a83e87c9e07dad790f184d100b364832135aa9116e65878c3d4fdb8906052594f6104b605184c6d013a596b97a47a4270535fdc2741a14c6be47,883baed715e2a83e87c9e07dad790f184d100b364832135aa9116e65878c3d4fdb8906052594f6104b605184c6d013a596b97a47a4270535fdc2741a14c6be47,crash,crash_type=ANIMAL
88e783aa759c29c0d1ffd0e335203c2700dc7e56790b4c6faf23c4bb16643c33b29f31155124b9682bafdc2697d3b500ba671150339bf1293a9ea86fa6d4d8bf,88e783aa759c29c0d1ffd0e335203c2700dc7e56790b4c6faf23c4bb16643c33b29f31155124b9682bafdc2697d3b500ba671150339bf1293a9ea86fa6d4d8bf,crash,"appears to be shooting in a car
    2020-08-07 01:52
11601 S BISHOP ST west pullman
1 fatalities, 0 injured
OTHER: PHYSICAL CONDITION OF DRIVER
- url: https://chicago.suntimes.com/crime/2020/8/7/21358340/west-pullman-shooting-man-killed-bishop-gun-violence-police-gerard-bush
  title: Man killed in West Pullman shooting
  site: Chicago Sun-Times
  date: '2020-08-07T08:54:19Z'
  description: Gerard Bush, 35, of Gresham was found about 1:50 a.m. shot several times in a crashed vehicle in the 11500 block of South Bishop Street, Chicago police said. He died at Christ Medical Center; an autopsy ruled his death a homicide."
8f0dfec5ec09389b8bcf262ff380839c9fa1c32d65cc22a5357c06f81570af0d6b1514728c845fce7298b5966da73f42eff8750996911fdad0ef8709c2df04c4,8f0dfec5ec09389b8bcf262ff380839c9fa1c32d65cc22a5357c06f81570af0d6b1514728c845fce7298b5966da73f42eff8750996911fdad0ef8709c2df04c4,crash,"2026-09-11 00:17
4540 S WOOD ST, new-city
OTHER
fatalities: 1 injured: 0
- 50 F FATAL DRIVER
- url: https://blockclubchicago.org/2026/09/11/city-emergency-dispatcher-fatally-shot-while-driving-in-back-of-the-yards/
  title: City Emergency Dispatcher Fatally Shot While Driving In Back Of The Yards
  site: Block Club Chicago
  date: '2026-09-11T20:01:13+00:00'
  description: Natalia Rodriguez, 50, was a police communications operator who had worked for the city's emergency management agency for a decade. No arrests have been made."
935bd0771c16e2580b8fb60f9d79528556868c699698bff25698de2d2b8195274e5cd38e08544d7af3aec03e189af21d958f84dfe214c0cbfe5477dc32ed7341,O712187,person,"all drivers, and passenger duped"
935bd0771c16e2580b8fb60f9d79528556868c699698bff25698de2d2b8195274e5cd38e08544d7af3aec03e189af21d958f84dfe214c0cbfe5477dc32ed7341,O712231,person,"all drivers, and passenger duped"
935bd0771c16e2580b8fb60f9d79528556868c699698bff25698de2d2b8195274e5cd38e08544d7af3aec03e189af21d958f84dfe214c0cbfe5477dc32ed7341,P162803,person,"all drivers, and passenger duped"
935bd0771c16e2580b8fb60f9d79528556868c699698bff25698de2d2b8195274e5cd38e08544d7af3aec03e189af21d958f84dfe214c0cbfe5477dc32ed7341,677257,vehicle,"all drivers, and passenger duped"
935bd0771c16e2580b8fb60f9d79528556868c699698bff25698de2d2b8195274e5cd38e08544d7af3aec03e189af21d958f84dfe214c0cbfe5477dc32ed7341,677286,vehicle,"all drivers, and passenger duped"
9536771b8453a589cbf9190cad3dce398276f86064fb37d004b95651f799a93f8896628455a11671ba07a77b86a4eeac5189ea5cfa7d3051438249fb568b2132,O571934,person,
9536771b8453a589cbf9190cad3dce398276f86064fb37d004b95651f799a93f8896628455a11671ba07a77b86a4eeac5189ea5cfa7d3051438249fb568b2132,O571935,person,
9536771b8453a589cbf9190cad3dce398276f86064fb37d004b95651f799a93f8896628455a11671ba07a77b86a4eeac5189ea5cfa7d3051438249fb568b2132,P128945,person,
9536771b8453a589cbf9190cad3dce398276f86064fb37d004b95651f799a93f8896628455a11671ba07a77b86a4eeac5189ea5cfa7d3051438249fb568b2132,545429,vehicle,
9536771b8453a589cbf9190cad3dce398276f86064fb37d004b95651f799a93f8896628455a11671ba07a77b86a4eeac5189ea5cfa7d3051438249fb568b2132,545430,vehicle,
9788921ad72ee86d81325fa5393dbddb75b633cbd490910330abc1f07b809742ebfafc48ed7676e4b291298f362c31b0cef85d962fd184f4fea0496fe75be3df,9788921ad72ee86d81325fa5393dbddb75b633cbd490910330abc1f07b809742ebfafc48ed7676e4b291298f362c31b0cef85d962fd184f4fea0496fe75be3df,crash,crash_type=ANIMAL
9fff434c0c19370bf5a02402db175b53e470f28e6eb8a95122d30c5d9833012c0ad28dea173944f30a4a808c5e463e2c83cb516fe8bf7c1fbff8e6f3a50e4feb,9fff434c0c19370bf5a02402db175b53e470f28e6eb8a95122d30c5d9833012c0ad28dea173944f30a4a808c5e463e2c83cb516fe8bf7c1fbff8e6f3a50e4feb,crash,"appears to be a shooting
- url: https://chicago.suntimes.com/crime/2020/8/29/21407222/englewood-shooting-man-killed-racine-gun-violence
  title: Man fatally shot in Englewood
  site: Chicago Sun-Times
  date: '2020-08-30T02:35:52Z'
  description: Anthony Lewis, 54, of Lafayette, Ind., was shot in the back about 8:20 p.m. while driving in the 6200 block of South Racine Avenue and died at the University of Chicago Medical Center. It was the fifth shooting in Englewood or West Englewood since 5 p.m. Friday."
a291b8a967e88943971cf0229e20da995a64b63113c28a7bee07ca655c8a51874a9f4189fb44b771a3029b0c60ba0cf2ce71867219f6951205f9ccc00846d073,a291b8a967e88943971cf0229e20da995a64b63113c28a7bee07ca655c8a51874a9f4189fb44b771a3029b0c60ba0cf2ce71867219f6951205f9ccc00846d073,crash,"2026-05-25 11:00
245 N FRANCISCO AVE
appears to involve a shooting
https://abc7chicago.com/live-updates/chicago-shootings-memorial-day-weekend-18-shot-0-killed-gun-violence-city-police-department-says-live-news-update/19161101/entry/19169586/"
a53e645e421506903fffab700e4aec84898100ff00665d82779b7c70cb73e81af03bb8b85238edc7df9c907abf3e1fd9165e52a3f54d962f6914404097ae4976,O792444,person,driver and ped duped; ped age changed from 36 to 26
a53e645e421506903fffab700e4aec84898100ff00665d82779b7c70cb73e81af03bb8b85238edc7df9c907abf3e1fd9165e52a3f54d962f6914404097ae4976,O792445,person,driver and ped duped; ped age changed from 36 to 26
a53e645e421506903fffab700e4aec84898100ff00665d82779b7c70cb73e81af03bb8b85238edc7df9c907abf3e1fd9165e52a3f54d962f6914404097ae4976,752540,vehicle,driver and ped duped; ped age changed from 36 to 26
a5708e27edc5661fa0f26653db8e2023f680084bdfeb1bdc269e55d91360fe1e603216cacbff3ab55966d5a903c07e8eea15b6be68bbf9216bfbccfbe091bdcd,a5708e27edc5661fa0f26653db8e2023f680084bdfeb1bdc269e55d91360fe1e603216cacbff3ab55966d5a903c07e8eea15b6be68bbf9216bfbccfbe091bdcd,crash,"appears to be a shooting
2020-06-19 22:24
4158 W CONGRESS PKWY garfield park
1 fatalities, 0 injured
OTHER: NOT APPLICABLE
autosearch 2026-09-19: shooting-caused crash, homicide. Victim ID: Almos Collum, 33, of Austin (record has unknown age); shot from a black SUV while driving, died at Stroger. No one in custody. suntimes ~110 words.
- url: https://chicago.suntimes.com/crime/2020/6/19/21297488/almos-collum-killed-west-garfield-park-shooting-gun-violence-congress
  title: Man killed in West Garfield Park shooting
  site: chicago.suntimes.com
  date: '2020-06-21T01:26:05Z'
  description: Almos Collum, 33, was driving when someone approached his car and opened fire, striking him multiple times, authorities said."
ade7f1b1ef610f6f21628093b3f8a47c342fa164f9b5901919b26ce43b1eaac82ef4939a93521c27ee22b5ae2a05887f7598d959f01519af26155934fe1d67a8,ade7f1b1ef610f6f21628093b3f8a47c342fa164f9b5901919b26ce43b1eaac82ef4939a93521c27ee22b5ae2a05887f7598d959f01519af26155934fe1d67a8,crash,"appears to be a shooting that led to a crash:
https://chicago.suntimes.com/crime/2020/1/22/21077640/tyrese-hearon-shooting-attempted-robbery-west-garfield-park-kilpatrick-gun-violence
2020-01-22 13:33
225 S KILPATRICK AVE, austin
OTHER
fatalities: 1 injured: 0
- ? M FATAL"
b02f99b14f9efac672284aeb124698126c987287a2a6bddce65730301d71bc67db32b6a892e709f63a2925652b7706d76142b329cd103597ebb5dce109a1db89,b02f99b14f9efac672284aeb124698126c987287a2a6bddce65730301d71bc67db32b6a892e709f63a2925652b7706d76142b329cd103597ebb5dce109a1db89,crash,crash_type=ANIMAL
b47f5d4f6697ef52c232c44037533030b37d16e30023398eb21bdd6f010e3a968ced5649a7b652b53ee1009c52b73acc6cc5d612562b0d5d713e8febde6c5883,b47f5d4f6697ef52c232c44037533030b37d16e30023398eb21bdd6f010e3a968ced5649a7b652b53ee1009c52b73acc6cc5d612562b0d5d713e8febde6c5883,crash,crash_type=ANIMAL
bbfd065d79760f1dda73be8f0f09e48788bf916ce82b8f6d173879df99475c7370c0d7310f195f61b201344d65714a1038d3c53b5d18800c05d6e8e2adf160b5,bbfd065d79760f1dda73be8f0f09e48788bf916ce82b8f6d173879df99475c7370c0d7310f195f61b201344d65714a1038d3c53b5d18800c05d6e8e2adf160b5,crash,"appears to be a shooting
- url: https://chicago.suntimes.com/crime/2020/8/14/21368605/montrell-lee-morgan-park-shooting-man-shot-killed-108th-gun-violence
  title: Man shot to death in Morgan Park
  site: Chicago Sun-Times
  date: '2020-08-14T08:46:34Z'
  description: Montrell Lee, 27, was shot in the chest and back about 11:35 p.m. while driving through an alley in the 1000 block of West 108th Place, officials said."
c413f826b72c8c65ead7305cbfc5f668d2018a21be8d5bb6cf58969b5f602004da36dadf1e950c08b814f8f6c35f13ac8f5843c68de97c7f50a8321f9320df42,O786459,person,ped fatal revised to incapacitating
c413f826b72c8c65ead7305cbfc5f668d2018a21be8d5bb6cf58969b5f602004da36dadf1e950c08b814f8f6c35f13ac8f5843c68de97c7f50a8321f9320df42,O786460,person,ped fatal revised to incapacitating
c413f826b72c8c65ead7305cbfc5f668d2018a21be8d5bb6cf58969b5f602004da36dadf1e950c08b814f8f6c35f13ac8f5843c68de97c7f50a8321f9320df42,746959,vehicle,ped fatal revised to incapacitating
ceb2f8eb126f8ad7aa723aa5b98b90a62a9d1422ebbc5059ff8582c0c2b3b4a93edf7540fe91f9780bcda6670f155c152c1d314bd9fb1b249db916a0338d59b7,O551015,person,"84yrold driver, parked veh updated to be truck"
ceb2f8eb126f8ad7aa723aa5b98b90a62a9d1422ebbc5059ff8582c0c2b3b4a93edf7540fe91f9780bcda6670f155c152c1d314bd9fb1b249db916a0338d59b7,P124174,person,"84yrold driver, parked veh updated to be truck"
ceb2f8eb126f8ad7aa723aa5b98b90a62a9d1422ebbc5059ff8582c0c2b3b4a93edf7540fe91f9780bcda6670f155c152c1d314bd9fb1b249db916a0338d59b7,P124175,person,"84yrold driver, parked veh updated to be truck"
ceb2f8eb126f8ad7aa723aa5b98b90a62a9d1422ebbc5059ff8582c0c2b3b4a93edf7540fe91f9780bcda6670f155c152c1d314bd9fb1b249db916a0338d59b7,525804,vehicle,"84yrold driver, parked veh updated to be truck"
d3c723f453b3319348065ff841f12ce994b136b1e8bcbeef2a4b9657e7e1adb28e4f4015c9efe8970adefa494a84b168e5c4469ac2ae47b48a2b1946d786a082,O1290137,person,https://chi.streetsblog.org/2022/03/03/cisco-engineer-gerardo-marciales-41-fatally-struck-while-crossing-dlsd-on-a-divvy-bike
e081da9ddd8bd6267f3bf4af3eb583ac81dec41a64b63ba2d3620b60d389f0aee9224c6dca9cc041e3f7e82710081965e807bc2721cb008e69673ec2c501230a,O766705,person,not sure what got updated
e081da9ddd8bd6267f3bf4af3eb583ac81dec41a64b63ba2d3620b60d389f0aee9224c6dca9cc041e3f7e82710081965e807bc2721cb008e69673ec2c501230a,O766706,person,not sure what got updated
e081da9ddd8bd6267f3bf4af3eb583ac81dec41a64b63ba2d3620b60d389f0aee9224c6dca9cc041e3f7e82710081965e807bc2721cb008e69673ec2c501230a,P175665,person,not sure what got updated
e081da9ddd8bd6267f3bf4af3eb583ac81dec41a64b63ba2d3620b60d389f0aee9224c6dca9cc041e3f7e82710081965e807bc2721cb008e69673ec2c501230a,P175666,person,not sure what got updated
e081da9ddd8bd6267f3bf4af3eb583ac81dec41a64b63ba2d3620b60d389f0aee9224c6dca9cc041e3f7e82710081965e807bc2721cb008e69673ec2c501230a,P175667,person,not sure what got updated
e081da9ddd8bd6267f3bf4af3eb583ac81dec41a64b63ba2d3620b60d389f0aee9224c6dca9cc041e3f7e82710081965e807bc2721cb008e69673ec2c501230a,728252,vehicle,not sure what got updated
e081da9ddd8bd6267f3bf4af3eb583ac81dec41a64b63ba2d3620b60d389f0aee9224c6dca9cc041e3f7e82710081965e807bc2721cb008e69673ec2c501230a,728254,vehicle,not sure what got updated
e6b82b1f76b7cb4f9086317c868edc0fc6d96e106414468af8441282fe405cbc4f00eac0ef779241e14011c072353baf8191abbb86ad6b5a66a9811ca603088a,O1322610,person,bmw vs harley
e6b82b1f76b7cb4f9086317c868edc0fc6d96e106414468af8441282fe405cbc4f00eac0ef779241e14011c072353baf8191abbb86ad6b5a66a9811ca603088a,O1322611,person,bmw vs harley
e6b82b1f76b7cb4f9086317c868edc0fc6d96e106414468af8441282fe405cbc4f00eac0ef779241e14011c072353baf8191abbb86ad6b5a66a9811ca603088a,1256268,vehicle,bmw vs harley
e6b82b1f76b7cb4f9086317c868edc0fc6d96e106414468af8441282fe405cbc4f00eac0ef779241e14011c072353baf8191abbb86ad6b5a66a9811ca603088a,1256279,vehicle,bmw vs harley
e891f21cf0fac3ef14da281b5184a6d79e811c772ca916ee4a354aba164a3ac8e2230ae566078ddf98fdfdb73fe349b5c01217174f023653cea512cea55d065f,e891f21cf0fac3ef14da281b5184a6d79e811c772ca916ee4a354aba164a3ac8e2230ae566078ddf98fdfdb73fe349b5c01217174f023653cea512cea55d065f,crash,crash_type=ANIMAL
f0c38c38c4b0a0be47d90a9eb00702cde1565973ab1870db8857b1512127980d9b8c305ae6607c0550e8e895ddfd50c705f8484bce945f045dab5ecd794b0201,f0c38c38c4b0a0be47d90a9eb00702cde1565973ab1870db8857b1512127980d9b8c305ae6607c0550e8e895ddfd50c705f8484bce945f045dab5ecd794b0201,crash,"appears to involve a shooting
https://abc7chicago.com/post/chicago-shooting-man-shot-killed-inside-vehicle-south-california-avenue-brighton-park-police-say/19298778/"
fb043165113cadfbc5b9e05e9eca3392bf2e75cf767d3b47ba827693375ef43ed1086ac5cb6bb80f5b4718dabeccb9e372cef3fa330f75fc7b87f111303b2cd2,O1587096,person,m25 killed upgraded to no injury
fb043165113cadfbc5b9e05e9eca3392bf2e75cf767d3b47ba827693375ef43ed1086ac5cb6bb80f5b4718dabeccb9e372cef3fa330f75fc7b87f111303b2cd2,O1587097,person,m25 killed upgraded to no injury
fb043165113cadfbc5b9e05e9eca3392bf2e75cf767d3b47ba827693375ef43ed1086ac5cb6bb80f5b4718dabeccb9e372cef3fa330f75fc7b87f111303b2cd2,P350864,person,m25 killed upgraded to no injury
fb043165113cadfbc5b9e05e9eca3392bf2e75cf767d3b47ba827693375ef43ed1086ac5cb6bb80f5b4718dabeccb9e372cef3fa330f75fc7b87f111303b2cd2,1510081,vehicle,m25 killed upgraded to no injury
fb043165113cadfbc5b9e05e9eca3392bf2e75cf767d3b47ba827693375ef43ed1086ac5cb6bb80f5b4718dabeccb9e372cef3fa330f75fc7b87f111303b2cd2,1510085,vehicle,m25 killed upgraded to no injury
fcb4f6fdd4f21734a7c0693a1b400c130b2c69c5fabea9bb7bf6b6083c1f71c7a6484489a3c5617a2d8c182a4165cef30813f1838a4b6b6b4d391cbd4b53a937,fcb4f6fdd4f21734a7c0693a1b400c130b2c69c5fabea9bb7bf6b6083c1f71c7a6484489a3c5617a2d8c182a4165cef30813f1838a4b6b6b4d391cbd4b53a937,crash,"Driver killed in drive by shooting
https://www.cbsnews.com/chicago/news/3-shot-1-fatally-while-driving-in-grand-crossing/"
fd513d10e664f2def020f1cacfc56e902758d2e0bd744632f5af5a3ab191d6fe6533fb01fce230e56a92334da73ab29e971624c21cfdee79f065785846cfe85f,O814538,person,"https://www.nbcchicago.com/news/local/crash-that-killed-3-women-in-morgan-park-remains-under-investigation/2195624/
773312 unit_no 1 vehicle does not have corresponding replacement...? so we have to use it
person O814537 was driver of 773312, but corresponding record O828503 is now a driver of NULL vehicle_id...?
So we KEEP O814537, and we keep all other 773312 vehicle_id people: P186358, P186359
We remove O828503, even though it's ostensibly the new driver"
fd513d10e664f2def020f1cacfc56e902758d2e0bd744632f5af5a3ab191d6fe6533fb01fce230e56a92334da73ab29e971624c21cfdee79f065785846cfe85f,O828503,person,"https://www.nbcchicago.com/news/local/crash-that-killed-3-women-in-morgan-park-remains-under-investigation/2195624/
773312 unit_no 1 vehicle does not have corresponding replacement...? so we have to use it
person O814537 was driver of 773312, but corresponding record O828503 is now a driver of NULL vehicle_id...?
So we KEEP O814537, and we keep all other 773312 vehicle_id people: P186358, P186359
We remove O828503, even though it's ostensibly the new driver"
fd513d10e664f2def020f1cacfc56e902758d2e0bd744632f5af5a3ab191d6fe6533fb01fce230e56a92334da73ab29e971624c21cfdee79f065785846cfe85f,P186360,person,"https://www.nbcchicago.com/news/local/crash-that-killed-3-women-in-morgan-park-remains-under-investigation/2195624/
773312 unit_no 1 vehicle does not have corresponding replacement...? so we have to use it
person O814537 was driver of 773312, but corresponding record O828503 is now a driver of NULL vehicle_id...?
So we KEEP O814537, and we keep all other 773312 vehicle_id people: P186358, P186359
We remove O828503, even though it's ostensibly the new driver"
fd513d10e664f2def020f1cacfc56e902758d2e0bd744632f5af5a3ab191d6fe6533fb01fce230e56a92334da73ab29e971624c21cfdee79f065785846cfe85f,P186361,person,"https://www.nbcchicago.com/news/local/crash-that-killed-3-women-in-morgan-park-remains-under-investigation/2195624/
773312 unit_no 1 vehicle does not have corresponding replacement...? so we have to use it
person O814537 was driver of 773312, but corresponding record O828503 is now a driver of NULL vehicle_id...?
So we KEEP O814537, and we keep all other 773312 vehicle_id people: P186358, P186359
We remove O828503, even though it's ostensibly the new driver"
fd513d10e664f2def020f1cacfc56e902758d2e0bd744632f5af5a3ab191d6fe6533fb01fce230e56a92334da73ab29e971624c21cfdee79f065785846cfe85f,P186362,person,"https://www.nbcchicago.com/news/local/crash-that-killed-3-women-in-morgan-park-remains-under-investigation/2195624/
773312 unit_no 1 vehicle does not have corresponding replacement...? so we have to use it
person O814537 was driver of 773312, but corresponding record O828503 is now a driver of NULL vehicle_id...?
So we KEEP O814537, and we keep all other 773312 vehicle_id people: P186358, P186359
We remove O828503, even though it's ostensibly the new driver"
fd513d10e664f2def020f1cacfc56e902758d2e0bd744632f5af5a3ab191d6fe6533fb01fce230e56a92334da73ab29e971624c21cfdee79f065785846cfe85f,773316,vehicle,"https://www.nbcchicago.com/news/local/crash-that-killed-3-women-in-morgan-park-remains-under-investigation/2195624/
773312 unit_no 1 vehicle does not have corresponding replacement...? so we have to use it
person O814537 was driver of 773312, but corresponding record O828503 is now a driver of NULL vehicle_id...?
So we KEEP O814537, and we keep all other 773312 vehicle_id people: P186358, P186359
We remove O828503, even though it's ostensibly the new driver"
fdc6c426e3239c342076a256fdeb23713036507188c4884ba2e735463cc4e49d5fdc25625a7e7b74a6b2db3ae7bd15fa75523701cc256acca3ce18b6d77ef10a,O1160020,person,
fdc6c426e3239c342076a256fdeb23713036507188c4884ba2e735463cc4e49d5fdc25625a7e7b74a6b2db3ae7bd15fa75523701cc256acca3ce18b6d77ef10a,O1160021,person,
fdc6c426e3239c342076a256fdeb23713036507188c4884ba2e735463cc4e49d5fdc25625a7e7b74a6b2db3ae7bd15fa75523701cc256acca3ce18b6d77ef10a,P260272,person,
fdc6c426e3239c342076a256fdeb23713036507188c4884ba2e735463cc4e49d5fdc25625a7e7b74a6b2db3ae7bd15fa75523701cc256acca3ce18b6d77ef10a,1100385,vehicle,
fdc6c426e3239c342076a256fdeb23713036507188c4884ba2e735463cc4e49d5fdc25625a7e7b74a6b2db3ae7bd15fa75523701cc256acca3ce18b6d77ef10a,1100386,vehicle,
fdd84df84cadb7e639b177a06068f95a6f35e367aba8eb6e8b4c4ad8d36b91bbd46d1a58ca49d674e6b74b4529fffcbfbb75ac2e5eb642203a578bf91fb66c7d,O336008,person,
fdd84df84cadb7e639b177a06068f95a6f35e367aba8eb6e8b4c4ad8d36b91bbd46d1a58ca49d674e6b74b4529fffcbfbb75ac2e5eb642203a578bf91fb66c7d,O336009,person,
fdd84df84cadb7e639b177a06068f95a6f35e367aba8eb6e8b4c4ad8d36b91bbd46d1a58ca49d674e6b74b4529fffcbfbb75ac2e5eb642203a578bf91fb66c7d,P73351,person,
fdd84df84cadb7e639b177a06068f95a6f35e367aba8eb6e8b4c4ad8d36b91bbd46d1a58ca49d674e6b74b4529fffcbfbb75ac2e5eb642203a578bf91fb66c7d,P73352,person,
fdd84df84cadb7e639b177a06068f95a6f35e367aba8eb6e8b4c4ad8d36b91bbd46d1a58ca49d674e6b74b4529fffcbfbb75ac2e5eb642203a578bf91fb66c7d,P73353,person,
fdd84df84cadb7e639b177a06068f95a6f35e367aba8eb6e8b4c4ad8d36b91bbd46d1a58ca49d674e6b74b4529fffcbfbb75ac2e5eb642203a578bf91fb66c7d,P73354,person,
fdd84df84cadb7e639b177a06068f95a6f35e367aba8eb6e8b4c4ad8d36b91bbd46d1a58ca49d674e6b74b4529fffcbfbb75ac2e5eb642203a578bf91fb66c7d,P73355,person,
fdd84df84cadb7e639b177a06068f95a6f35e367aba8eb6e8b4c4ad8d36b91bbd46d1a58ca49d674e6b74b4529fffcbfbb75ac2e5eb642203a578bf91fb66c7d,P73356,person,
fdd84df84cadb7e639b177a06068f95a6f35e367aba8eb6e8b4c4ad8d36b91bbd46d1a58ca49d674e6b74b4529fffcbfbb75ac2e5eb642203a578bf91fb66c7d,324541,vehicle,
fdd84df84cadb7e639b177a06068f95a6f35e367aba8eb6e8b4c4ad8d36b91bbd46d1a58ca49d674e6b74b4529fffcbfbb75ac2e5eb642203a578bf91fb66c7d,324542,vehicle,
